title,genre,director
Die Die Delta Pi,Horror,Sean Donohue
Pilot,Comedy,Paul McGuigan
Dark Hollow,Adventure,Guy Ferland
In the Clouds,Comedy,David Von Ancken
The Fabulous Faker Boy,Animation,Bob Anderson
Endgame,Action,Russo Brothers
Endgame,Action,Russo Brothers
Endgame,Action,Russo Brothers
Endgame,Comedy,David Paymer
Endgame,Comedy,David Paymer
Endgame,Comedy,David Paymer
Rom-Com Tom,Short,Mike Ladue
Gambler's End,Short,Eric Loubert
Black Nativity,Drama,Kasi Lemmons
The Battle Within,Short,Andy Santos
Rock and a Hard Place,Drama,John MacCarthy
Witch Graveyard,Fantasy,Bruno Renat
On All Fours,Comedy,Lena Dunham
All In,Action,Tricia Brock
Broken,Crime,Larry Teng
Vicious Coupling,Animation,Bryan Fordney
Pilot,Comedy,Miguel Arteta
Age of Dinosaurs,Action,Joseph J. Lawson
The Nominations,Drama,Michael Morris
Til Death Do Us Part,Action,Eagle Egilsson
Trou Normand,Crime,Guillermo Navarro
Kumail Nanjiani: Beta Male,Comedy,Marcus Raboy
Fallout,Crime,Diana Valentine
Fallout,Crime,Diana Valentine
Fallout,Action,Christopher McQuarrie
Fallout,Action,Christopher McQuarrie
Fallout,Action,Christopher McQuarrie
The Good Mother,Drama,Richard Gabai
Seal Our Fate,Drama,Rob Corn
Once Upon a Time in Brooklyn,Action,Paul Borghese
Redemption,Action,Steven Knight
Touchy Feely,Drama,Lynn Shelton
Monique Marvez: Not Skinny Not Blonde,Comedy,Scott L. Montoya
Five Thirteen,Drama,Kader Ayd
Rosie's Diner,Short,Wes Williams II
Richard The Lionheart,Action,Stefano Milla
Richard The Lionheart,Action,Stefano Milla
Hours,Drama,Eric Heisserer
Liberty,Action,Chris Fisher
Love Story,Action,Helen Shaver
Atlanta to New York,Comedy,Terence V. Steele
Steve Rannazzisi: Manchild,Comedy,Ryan Polito
Rock and a Hard Place,Comedy,David Von Ancken
Potage,Crime,David Slade
Engagement,Drama,John Terlesky
The Freelancer,Crime,Jace Alexander
Episode #21.75,Comedy,Liz Plonka
Dear Daddy,Short,Sandra Capra
Norcen,Documentary,Jeffrey Jennings
Morbid,Horror,Chuck Conry
Whensday,Comedy,Tomas Herrera
Planes,Animation,Klay Hall
Dog Dean Afternoon,Drama,Tim Andrew
Red: Part One,Crime,Tony Wharmby
Potage,Crime,David Slade
Potage,Crime,David Slade
Richard The Lionheart,Action,Stefano Milla
Norcen,Documentary,Jeffrey Jennings
Norcen,Documentary,Jeffrey Jennings
On All Fours,Comedy,Lena Dunham
On All Fours,Comedy,Lena Dunham
Touchy Feely,Drama,Lynn Shelton
Gambler's End,Short,Eric Loubert
Gambler's End,Short,Eric Loubert
Til Death Do Us Part,Action,Eagle Egilsson
Til Death Do Us Part,Action,Eagle Egilsson
Til Death Do Us Part,Thriller,Christopher Stokes
Til Death Do Us Part,Thriller,Christopher Stokes
The Nominations,Drama,Michael Morris
The Nominations,Drama,Michael Morris
The Nominations,Drama,Michael Morris
Dark Hollow,Adventure,Guy Ferland
Dark Hollow,Adventure,Guy Ferland
Whensday,Comedy,Tomas Herrera
Whensday,Comedy,Tomas Herrera
The Good Mother,Drama,Richard Gabai
Rock and a Hard Place,Comedy,David Von Ancken
The Battle Within,Short,Andy Santos
Witch Graveyard,Fantasy,Bruno Renat
In the Clouds,Comedy,David Von Ancken
Endgame,Comedy,David Paymer
Die Die Delta Pi,Horror,Sean Donohue
Die Die Delta Pi,Horror,Sean Donohue
Redemption,Action,Steven Knight
Redemption,Action,Steven Knight
Episode #21.75,Comedy,Liz Plonka
Episode #21.75,Comedy,Liz Plonka
Atlanta to New York,Comedy,Terence V. Steele
Atlanta to New York,Comedy,Terence V. Steele
Engagement,Drama,John Terlesky
Engagement,Drama,John Terlesky
Witch Graveyard,Fantasy,Bruno Renat
Witch Graveyard,Fantasy,Bruno Renat
Broken,Crime,Larry Teng
Broken,Crime,Larry Teng
The Battle Within,Short,Andy Santos
The Battle Within,Short,Andy Santos
Black Nativity,Drama,Kasi Lemmons
Black Nativity,Drama,Kasi Lemmons
Kumail Nanjiani: Beta Male,Comedy,Marcus Raboy
Kumail Nanjiani: Beta Male,Comedy,Marcus Raboy
The Fabulous Faker Boy,Animation,Bob Anderson
The Fabulous Faker Boy,Animation,Bob Anderson
Pilot,Comedy,Paul McGuigan
Pilot,Comedy,Paul McGuigan
Pilot,Comedy,James Burrows
Pilot,Comedy,James Burrows
Pilot,Comedy,James Burrows
All In,Action,Tricia Brock