15.year,2014,2013
87.title,Harold's Gamble,Force of Execution
67.director,David Gordon Green,Greg Yaitanes
21.title,Reaper's Revenge: Fear the Reaper,The Back Nine
57.director,Jay Oliva,Rob Hardy
41.director,Brad Turner,Keith Munden
95.year,2014,2013
24.year,2014,2013
41.year,2013,2014
84.title,Camping,Joe
48.year,2014,2013
64.director,Jay Oliva,Greg Yaitanes
66.director,Rob Hardy,Fred Goss
57.year,2013,2014
57.title,Robosapien: Rebooted,What Happens in Mecklinburg...
46.director,Brian A Miller,Scott Shaw
21.director,Greg Yaitanes,Chris Koch
42.year,2014,2013
43.title,Robosapien: Rebooted,12 Rounds 2: Reloaded
79.title,The Back Nine,Get with the Program
72.director,David Von Ancken,Jay Oliva
50.title,Computer Crash,Temptation: Confessions of a Marriage Counselor
95.director,Gail Mancuso,Bethany Rooney
94.title,The Prince,Final Shot
80.year,2014,2013
90.director,Fred Goss,Alec Smight
58.title,Bad Trouble Here,Tick Tock
90.year,2013,2014
48.title,September Fools,The Back Nine
30.year,2014,2013
